Workbook

Sheet Hoja1
A1: Cod. Producto | B1: Producto | C1: Unidad X Kilo | D1: Saldo Stock | E1: Fecha registro | F1: Fecha Vencim | G1: Grupo | H1: Nro suc | I1: St Mínimo | J1: St Máximo
A2: 100001 | B2: PIERNA DE CERDO CONGELADA (DESMEMBRADO) | C2: -719 | D2: 258.903 | E2: 46291.376 | F2: 46291 | G2: ENTERO | H2: A | I2: =IFERROR(VLOOKUP(A2,Hoja2!A:C,3,FALSE),"0") -> 0 | J2: =+D2-I2 -> 258.903
A3: 100002 | B3: PALETA DE CERDO CONGELADA (DESMEMBRADO) | C3: -763 | D3: 12.1 | E3: 46291.376 | F3: 46291 | G3: ENTERO | H3: A | I3: =IFERROR(VLOOKUP(A3,Hoja2!A:C,3,FALSE),"0") -> 0 | J3: =+D3-I3 -> 12.1
A4: 100003 | B4: COSTILLA DE CERDO CONGELADA (DESMEMBRADO) | C4: -746 | D4: 158.1 | E4: 46291.376 | F4: 46291 | G4: ENTERO | H4: A | I4: =IFERROR(VLOOKUP(A4,Hoja2!A:C,3,FALSE),"0") -> 0 | J4: =+D4-I4 -> 158.1
A5: 100004 | B5: COLUMNA DE CERDO CONGELADA (DESMEMBRADO) | C5: -378 | D5: 6.8 | E5: 46291.376 | F5: 46291 | G5: ENTERO | H5: A | I5: =IFERROR(VLOOKUP(A5,Hoja2!A:C,3,FALSE),"0") -> 0 | J5: =+D5-I5 -> 6.8
A6: 100105 | B6: POLLO BRASA ESPECIAL | C6: 114 | D6: 0 | E6: 46294.687 | F6: 46294 | G6: ENTERO | H6: A | I6: =IFERROR(VLOOKUP(A6,Hoja2!A:C,3,FALSE),"0") -> 0 | J6: =+D6-I6 -> 0
A7: 103305 | B7: CERDO CORTADO ESPECIAL | C7: 0 | D7: 0 | E7: 46265.653 | F7: 46265 | G7: ENTERO | H7: A | I7: =IFERROR(VLOOKUP(A7,Hoja2!A:C,3,FALSE),"0") -> 0 | J7: =+D7-I7 -> 0
A8: 141110 | B8: TAMBAQUI-PACU CONGELADO AL VACIO | C8: 0 | D8: 0.9 | E8: 46168.649 | F8: 46168 | G8: PESCADO | H8: A | I8: =IFERROR(VLOOKUP(A8,Hoja2!A:C,3,FALSE),"0") -> 0 | J8: =+D8-I8 -> 0.9
A9: 141201 | B9: FILETE MARIPOSA DE TRUCHA SALMONADO 500 GRS | C9: 0 | D9: 142 | E9: 46293.642 | F9: 46293 | G9: PESCADO | H9: A | I9: =IFERROR(VLOOKUP(A9,Hoja2!A:C,3,FALSE),"0") -> 0 | J9: =+D9-I9 -> 142
A10: 141202 | B10: FILETE RETAIL DE TRUCHA SALMONADO DE 500 GRS (4 UNID) | C10: 0 | D10: 143 | E10: 46294.97 | F10: 46294 | G10: PESCADO | H10: A | I10: =IFERROR(VLOOKUP(A10,Hoja2!A:C,3,FALSE),"0") -> 0 | J10: =+D10-I10 -> 143
A11: 141203 | B11: FILETES DE TRUCHA AHUMADA EN CALIENTE 250 GRS | C11: 0 | D11: 14 | E11: 46252.423 | F11: 46252 | G11: PESCADO | H11: A | I11: =IFERROR(VLOOKUP(A11,Hoja2!A:C,3,FALSE),"0") -> 0 | J11: =+D11-I11 -> 14
A12: 141204 | B12: FILETE DE TRUCHA AHUMADA EN FRIO 125 GRS | C12: 0 | D12: 7 | E12: 46252.423 | F12: 46252 | G12: PESCADO | H12: A | I12: =IFERROR(VLOOKUP(A12,Hoja2!A:C,3,FALSE),"0") -> 0 | J12: =+D12-I12 -> 7
A13: 141302 | B13: NUGGETS DE TRUCHA DE 500 GRS | C13: 0 | D13: 37 | E13: 46293.642 | F13: 46293 | G13: PESCADO | H13: A | I13: =IFERROR(VLOOKUP(A13,Hoja2!A:C,3,FALSE),"0") -> 0 | J13: =+D13-I13 -> 37
... A372: 830009 | B372: MINUTO VERDE SMOOTHIE YELOOW PASSION 500 GRS *14 | C372: 0 | D372: 5 | E372: 46203.745 | F372: 46203 | G372: FRUTAS Y VERDURAS CONGELADAS | H372: A | I372: =IFERROR(VLOOKUP(A372,Hoja2!A:C,3,FALSE),"0") -> 0 | J372: =+D372-I372 -> 5

Sheet Hoja2
A1: codigo | B1: producto | C1: cantidad
A2: 530024 | B2: MORTADELA BONISSIMA CON TOCINO EN BARRA | C2: 200
A3: 530025 | B3: MORTADELA BONISSIMA 500 GRS | C3: 240
A4: 530033 | B4: MORTADELA PRIMAVERA EN BARRA DE 500 GRS | C4: 20
A5: 530305 | B5: P.U MORTADELA JAMONADA VACIO 200 GRS. | C5: 140
A6: 530306 | B6: P.U MORTADELA PRIMAVERA VACIO 200 GRS | C6: 210
A7: 531505 | B7: JAMON DE PAVO EN BARRA 4KG | C7: 18.2
A8: 531835 | B8: P.U. JAMON SANDWICHERO VACIO 220 GRS | C8: 70
A9: 533001 | B9: CHORIZO TIPO ARGENTINO A GRANEL | C9: 62
A10: 533002 | B10: MORCILLA A GRANEL | C10: 12.4
A11: 533018 | B11: CHORIZO CHUQUISAQUEÑO A GRANEL | C11: 12.5
A12: 212001 | B12: BON. SALCHICHA VIENA A GRANEL DE PELAR | C12: 30
A13: 534203 | B13: SALCHICHA VIENA A GRANEL DE PELAR | C13: 3925
... A92: 533328 | B92: CHORIZO PARRILLERO AL VACIO DE 1 KG | C92: 44
